{"assets/fonts/Padauk-Bold.ttf":["assets/fonts/Padauk-Bold.ttf"],"assets/fonts/Padauk-Regular.ttf":["assets/fonts/Padauk-Regular.ttf"],"assets/fonts/Zawgyi.ttf":["assets/fonts/Zawgyi.ttf"],"assets/images/app-icon.png":["assets/images/app-icon.png"],"assets/images/news.jpg":["assets/images/news.jpg"],"assets/images/poster.jpg":["assets/images/poster.jpg"],"assets/images/poster2.jpg":["assets/images/poster2.jpg"],"packages/cupertino_icons/assets/CupertinoIcons.ttf":["packages/cupertino_icons/assets/CupertinoIcons.ttf"]}